{"E2_7_7_41": 0.0338654440113727, "E4_1_1_65": 0.17053050991565, "E2_7_7_14": 0.5208201885937257, "E2_7_7_15": 0.06097678714785537, "ECholine_in": 0.5982608735159853, "EPS_mem": 0.1854216269005311, "EPSSbe": 0.6800518344010708, "EEtOHamine_in": 0.7232129335221632, "E3_1_3_4": 0.6994949479962269, "EPC_mem": 0.22734555525247357, "E2_7_8_2": 0.7051939865846573, "E2_7_8_8": 0.6312284654473457, "E3_1_4_3": 0.5637233746898032, "E2_1_1_103": 0.16415578514340456, "E4_1_1": 0.5908788841111244, "E2_7_8_1": 0.9244113331153584, "E2_7_1_107": 0.6216910666472767, "EL_Serine_in": 0.4511965118984975, "E2_7_1_82": 0.3261531552952882, "EPE_mem": 0.34994811162855355, "E2_7_1_32": 0.06858897617016502, "kp_R02055": 0.7600692043115046, "kn_R02055": 0.5075741975075466, "km_Phosphatidylserine_R02055": 0.03405305707368078, "km_Phosphatidylethanolamine_R02055": 0.9949089893966984, "kp_R02037": 0.2818790650467523, "kn_R02037": 0.38866902159837, "km_Ethanolamine_phosphate_R02037": 0.2893467374041081, "km_Choline_phosphate_R02037": 0.6912164981611858, "kp_EtOHamine_in": 0.19745271286221888, "kn_EtOHamine_in": 0.2086611335994628, "km_External_Ethanolamine_EtOHamine_in": 0.947934479594929, "km_Ethanolamine_EtOHamine_in": 0.4537510832710533, "kp_L_Serine_in": 0.754611316063276, "kn_L_Serine_in": 0.05072309162262889, "km_External_L_Serine_L_Serine_in": 0.6410946807461857, "km_L_Serine_L_Serine_in": 0.5964818587075215, "kp_Choline_in": 0.7099067280169242, "kn_Choline_in": 0.21824499597672053, "km_External_Choline_Choline_in": 0.6185931650393234, "km_Choline_Choline_in": 0.7737123770382796, "kp_R01800": 0.34553218394257124, "kn_R01800": 0.6056662198714365, "km_L_Serine_R01800": 0.6323150388146594, "km_Phosphatidylserine_R01800": 0.25610726676122975, "kp_R01468": 0.9620673068109317, "kn_R01468": 0.413515882081965, "km_Ethanolamine_R01468": 0.5982854678085534, "km_Ethanolamine_phosphate_R01468": 0.3641009821006097, "kp_R01021": 0.998499515215085, "kn_R01021": 0.5767897495981484, "km_Choline_R01021": 0.12845390310840055, "km_Choline_phosphate_R01021": 0.2494933555675911, "kp_R02038": 0.3972564633096457, "kn_R02038": 0.03858471114132167, "km_Ethanolamine_phosphate_R02038": 0.8452098237736677, "km_CDP_ethanolamine_R02038": 0.5658591015035678, "kp_R01890": 0.06324259156337464, "kn_R01890": 0.15230776385819, "km_Choline_phosphate_R01890": 0.2481325491136801, "km_CDP_choline_R01890": 0.9995625985126341, "kp_R02057": 0.31782159817290245, "kn_R02057": 0.043545169911414994, "km_CDP_ethanolamine_R02057": 0.23183153685172142, "km_Phosphatidylethanolamine_R02057": 0.3616880003859514, "kp_R01321": 0.3030813717828851, "kn_R01321": 0.16660357361462663, "km_CDP_choline_R01321": 0.5813881718771651, "km_Phosphatidylcholine_R01321": 0.8391023694188724, "kp_Serine_to_EtOHamine": 0.8777935824824548, "kn_Serine_to_EtOHamine": 0.9203193728463432, "km_L_Serine_Serine_to_EtOHamine": 0.37383635952019545, "km_Ethanolamine_Serine_to_EtOHamine": 0.9821734343368724, "kp_PSSbe": 0.6411224043351752, "kn_PSSbe": 0.734159239093075, "km_Phosphatidylethanolamine_PSSbe": 0.6859457016525611, "km_L_Serine_PSSbe": 0.18437169089460548, "km_Phosphatidylserine_PSSbe": 0.1337133729058706, "km_Ethanolamine_PSSbe": 0.6816944754830953, "k_TransportPC": 0.9807375908681736, "k_TransportPE": 0.9795962949271878, "k_TransportPS": 0.5511384683316427, "k_SSTransportPC_mem": 0.445399599419653, "k_SSTransportPE_mem": 0.29941990948106956, "k_SSTransportPS_mem": 0.7441615231951882}