{"vmax_R02055": 0.4490716784646348, "km_Phosphatidylserine_R02055": 0.42228643306286984, "vmax_R02037": 0.3702384731559907, "km_Ethanolamine_phosphate_R02037": 0.595170593030647, "vmax_EtOHamine_in": 0.6497250143457645, "km_External_Ethanolamine_EtOHamine_in": 0.18207453351241165, "vmax_L_Serine_in": 0.3333154782439175, "km_External_L_Serine_L_Serine_in": 0.4180337903024638, "vmax_Choline_in": 0.15090661226108304, "km_External_Choline_Choline_in": 0.12396600950302838, "vmax_R01800": 0.9084355874008806, "km_L_Serine_R01800": 0.7229299890658442, "vmax_R01468": 0.5840713110539479, "km_Ethanolamine_R01468": 0.29092077212414336, "vmax_R01021": 0.7420814851809601, "km_Choline_R01021": 0.04368678399913206, "vmax_R02038": 0.034819286743265954, "km_Ethanolamine_phosphate_R02038": 0.5707253134387136, "vmax_R01890": 0.7767259514334266, "km_Choline_phosphate_R01890": 0.7576403808831476, "vmax_R02057": 0.8553887873483, "km_CDP_ethanolamine_R02057": 0.7927212350231456, "vmax_R01321": 0.04601096056164322, "km_CDP_choline_R01321": 0.09864877862942178, "vmax_Serine_to_EtOHamine": 0.8622492561325653, "km_L_Serine_Serine_to_EtOHamine": 0.842665699557734, "vmax_PSSbe": 0.03244841063313719, "km_Phosphatidylethanolamine_PSSbe": 0.5961942861333915, "km_L_Serine_PSSbe": 0.5252840244055219, "k_TransportPC": 0.6167402623397017, "k_TransportPE": 0.33998958419226055, "k_TransportPS": 0.20368239551396683, "k_SSTransportPC_mem": 0.471281045194726, "k_SSTransportPE_mem": 0.11095035673131926, "k_SSTransportPS_mem": 0.19077700419932941}