{"N_Methylethanolamine_phosphate": 0.9095698687203223, "Phosphodimethylethanolamine": 0.6973928340094397, "k_R02055": 0.07963219642607544, "k_R02037": 0.970006067953307, "k_EtOHamine_in": 0.004888431297949136, "k_L_Serine_in": 0.08621789108621958, "k_Choline_in": 0.4150303358612183, "k_R01800": 0.3349498613832701, "k_R01468": 0.5355108399996926, "k_R01021": 0.8516093563757045, "k_R02038": 0.47411480550917084, "k_R01890": 0.9832844746734526, "k_R02057": 0.4265910084730302, "k_R01321": 0.8267134390823844, "k_Serine_to_EtOHamine": 0.01591210387331088, "k_PSSbe": 0.7913815733838256, "k_TransportPC": 0.4493167735377618, "k_TransportPE": 0.38718986584673964, "k_TransportPS": 0.38487700292426863, "k_SSTransportPC_mem": 0.8571060433008615, "k_SSTransportPE_mem": 0.7271305491541429, "k_SSTransportPS_mem": 0.7382352287249103}