{"k_R01890_3": 0.3088526298543597, "E4_1_1": 0.39509184723901425, "kd_R02055_1": 0.382490797205721, "kd_R02057_1": 0.3159842389218198, "k_L_Serine_in_3": 0.9414741215655418, "k_R01468_3": 0.3610520510486549, "E2_7_7_41": 0.5673182604078806, "k_L_Serine_in_1": 0.4877631278157536, "k_EtOHamine_in_1": 0.13925316890661765, "k_TransportPS": 0.6062584977114294, "EPSSbe": 0.9609807192632599, "EL_Serine_in": 0.06815881558031223, "k_R02055_1": 0.3061096028767931, "kd_EtOHamine_in_1": 0.26774075680198217, "k_R02057_1": 0.41677760534397, "k_R02055_3": 0.6464121399603282, "E4_1_1_65": 0.4485289657191074, "k_PSSbe_1": 0.4945513317827551, "k_R01468_1": 0.9996170064659023, "EPS_mem": 0.8171424854487952, "k_TransportPC": 0.7388026737623601, "kd_R01890_1": 0.9243225638053186, "kd_R01468_1": 0.8343151623256576, "k_R02038_3": 0.8442950680074591, "k_R01890_1": 0.3283056466141554, "k_Choline_in_1": 0.3130008732051479, "k_EtOHamine_in_3": 0.001454634627798268, "k_R02038_1": 0.23796052563363368, "kd_R01321_1": 0.1678331586764762, "kd_PSSbe_1": 0.1123097083371537, "k_R02037_1": 0.2473503119240138, "k_R01800_3": 0.20977343158845851, "k_Choline_in_3": 0.5440611357192405, "k_R01321_1": 0.14420815286901056, "kd_R01800_1": 0.5188556696953684, "k_SSTransportPC_mem": 0.6637186090216225, "E2_7_7_15": 0.5688359191349437, "k_SSTransportPS_mem": 0.8029819639938715, "EPE_mem": 0.04828363946399272, "EEtOHamine_in": 0.727174270486048, "kd_R02038_1": 0.8284594958387872, "E2_7_1_82": 0.20585815727359613, "k_R02057_3": 0.6858446308535022, "k_Serine_to_EtOHamine_3": 0.22137206703999457, "k_PSSbe_3": 0.31549832850687665, "kd_PSSbe_3": 0.5736489683351744, "EPC_mem": 0.40410746691651644, "E3_1_3_4": 0.03238426762281388, "kd_L_Serine_in_1": 0.6021500466752028, "kd_Serine_to_EtOHamine_1": 0.021759724163544547, "E2_1_1_103": 0.5014502381021776, "kd_Choline_in_1": 0.9857827629888949, "E2_7_1_107": 0.7712913352107462, "ECholine_in": 0.8608686204549207, "k_R01800_1": 0.13031719287965848, "kd_R02037_1": 0.1329750415166704, "kd_R01021_1": 0.32543111859339224, "k_PSSbe_5": 0.0313414421609175, "k_SSTransportPE_mem": 0.20094618033844958, "E2_7_1_32": 0.7823205677682158, "k_R02037_3": 0.8382740432317002, "k_R01321_3": 0.6463774946693703, "k_TransportPE": 0.9763424904133964, "E2_7_8_2": 0.07100699900742258, "E2_7_8_1": 0.25534293853770873, "E2_7_7_14": 0.06575198906328161, "k_Serine_to_EtOHamine_1": 0.03871418949655825, "k_R01021_3": 0.1417567298859832, "k_R01021_1": 0.8438349620597302, "E2_7_8_8": 0.8884266179949857, "E3_1_4_3": 0.7387595313858067}